date,pmi,indpro_yoy,lei_yoy,lei_mom,hy_oas_bp,ig_oas_bp,t10y3m_bp,t10y2y_bp,unrate,temp_help_yoy,rrsfs_yoy,pcec96_yoy,tcu,usrec
1995-01-01,,,,,,,,,5.6,,,,84.6624,0.0
1995-02-01,,,,,,,1.59,0.33,5.4,,,,84.2817,0.0
1995-03-01,,,,,,,1.29,0.42,5.4,,,,84.1264,0.0
1995-04-01,,,,,,,,,5.8,,,,83.7001,0.0
1995-05-01,,,,,,,1.18,0.47,5.6,,,,83.8228,0.0
1995-06-01,,,,,,,0.53,0.49,5.6,,,,83.8038,0.0
1995-07-01,,,,,,,,,5.7,,,,83.1565,0.0
1995-08-01,,,,,,,0.89,0.56,5.7,,,,83.9385,0.0
1995-09-01,,,,,,,0.77,0.44,5.6,,,,83.9436,0.0
1995-10-01,,,,,,,,,5.5,,,,83.4711,0.0
1995-11-01,,,,,,,0.5,0.46,5.6,,,,83.3377,0.0
1995-12-01,,,,,,,0.26,0.39,5.6,,,,83.2653,0.0
1996-01-01,-0.31282586027111536,1.8350207329137724,-1.600014572055375,,,,,,5.6,1.555298055877441,1.2007282728103696,,82.4552,0.0
1996-02-01,-0.20850225877446782,3.4350158340334946,-1.1624295460895495,0.4375850259658254,,,0.6,0.7,5.5,1.7507326854851124,4.317513912336657,,83.2784,0.0
1996-03-01,-0.40549151364189795,3.1348380181706936,-0.6481079766723963,0.5143215694171532,,,1.01,0.73,5.5,1.7825982824100972,3.4472874882830906,,82.7819,0.0
1996-04-01,-0.4282903113786318,4.350154173072962,-0.1449609759869408,0.5031470006854555,,,1.11,0.52,5.6,1.7878956135480184,4.207891934744246,,83.2259,0.0
1996-05-01,-0.20859891065013736,4.635683786085809,0.28090764307286964,0.42586861905981044,,,1.57,0.65,5.6,2.092321887788673,3.6815469562345937,,83.4707,0.0
1996-06-01,-0.12176030614019506,5.074254837751835,0.5902085156149317,0.30930087254206207,,,,,5.3,2.1135466489329957,1.6678708597938963,,83.7026,0.0
1996-07-01,0.02323150191660961,5.516187105751635,0.7856569332133745,0.19544841759844278,,,1.47,0.59,5.5,2.2465113901620315,2.917733257713939,,83.3175,0.0
1996-08-01,0.09280742459396585,4.674993056735799,0.9233930926705547,0.1377361594571802,,,1.4,0.57,5.1,2.169219522975707,1.9899778722368922,,83.3523,0.0
1996-09-01,0.02319243926480752,4.92180091199006,1.0489500340791436,0.12555694140858886,,,,,5.2,2.143832769166809,2.8188613533880247,,83.4837,0.0
1996-10-01,0.30204460966543056,5.0764059690956875,1.1675901030188562,0.11864006893971268,,,1.55,0.62,5.2,2.2359480114551022,4.250011478244908,,83.0746,0.0
1996-11-01,0.40097629009763214,5.7487245073366555,1.2726683926155724,0.10507828959671617,,,1.21,0.59,5.4,2.354335039986455,2.379370233330813,,83.4158,0.0
1996-12-01,0.3075851662700968,6.048752943240343,1.3450067737599047,0.07233838114433233,,,,,5.4,2.3815761673357194,2.2591156637048027,,83.5292,0.0
1997-01-01,0.5172013017201271,6.810277355204253,1.3813151688337744,0.036308395073869626,,,,,5.3,2.56936872976834,3.8767516358722887,,83.2734,0.0
1997-02-01,0.49332559489263517,6.526425312446094,1.381878739059883,0.000563570226108645,,,,,5.2,2.47353394476868,3.0209488416699237,,83.8357,0.0
1997-03-01,0.8549991275519142,7.353147219376965,1.3460918661757137,-0.03578687288416926,,,,,5.2,2.5203375016807916,3.653669020571071,,83.9386,0.0
1997-04-01,0.8544524529179309,6.378124448646516,1.3055954114001844,-0.04049645477552932,2.9,0.58,1.58,0.48,5.1,2.6267644639889953,1.6490524101822057,,83.5773,0.0
1997-05-01,0.8245267680873303,6.169149706873811,1.277931933969212,-0.027663477430972527,2.91,0.59,1.45,0.42,4.9,2.564102564102555,0.8747435394153014,,83.6033,0.0
1997-06-01,0.934633693254372,5.87017032714805,1.2772769649262772,-0.0006549690429347166,,,,,5.0,2.5432078149786985,2.8396594802435615,,83.5281,0.0
1997-07-01,0.9638834049471523,6.7567244851659325,1.3015379737865373,0.02426100886026017,2.7,0.58,1.27,0.43,4.9,2.5787583632591593,3.5245932159213567,,83.75,0.0
1997-08-01,1.1416318961520622,7.295556637982359,1.3122183725058356,0.010680398719298267,2.57,0.56,0.92,0.31,4.8,2.402702208023433,3.4519779908444237,,84.0989,0.0
1997-09-01,1.2405077966494593,7.6118126411842235,1.2979149004873625,-0.014303472018473151,,,,,4.9,2.6370431893687707,3.0026476548286496,,84.3562,0.0
1997-10-01,1.4246004169562232,8.593898632434005,1.254762055420544,-0.04315284506681838,2.63,0.55,0.94,0.29,4.7,2.7008660340612334,1.9444199770985549,,84.5733,0.0
1997-11-01,1.614863691613122,8.491455486733601,1.1687221904889133,-0.08603986493163074,,,,,4.6,2.7111048641140334,2.045271830123685,,84.6992,0.0
1997-12-01,1.7530664198102341,8.27995843736915,1.042750234292611,-0.12597195619630241,2.9,0.72,0.59,0.08,4.7,2.811553288262636,2.6827667092034213,,84.5069,0.0
1998-01-01,1.8615944961553943,8.569991033819925,0.8857648284289921,-0.15698540586361887,,,,,4.6,2.842028065954172,1.927054026205588,,84.3255,0.0
1998-02-01,1.8019058619693995,7.498963984928375,0.690065394686945,-0.195699433742047,,,,,4.6,2.747505629797664,1.3447272727272752,,83.9236,0.0
1998-03-01,1.7128027681660996,6.870654602082871,0.4515212094595489,-0.23854418522739618,,,,,4.7,2.6018312826356027,1.1841116633915183,,83.4139,0.0
1998-04-01,1.6483199815572558,7.152135600773812,0.17222185865846118,-0.2792993508010877,2.84,0.72,0.5,0.07,4.3,2.5824283658249403,4.229279173514899,,83.1697,0.0
1998-05-01,1.4973508408200775,7.248053622327211,-0.14212769198524988,-0.31434955064371106,2.98,0.71,0.65,0.08,4.4,2.681135770234988,4.31082589285714,,83.1957,0.0
1998-06-01,1.2653131650083305,6.120272541232685,-0.4738586940279954,-0.3317310020427455,3.2,0.72,0.45,0.01,4.5,2.654377279833242,4.200066921745194,,82.2129,0.0
1998-07-01,0.20128824476650653,4.819266627395713,-0.7811322917004593,-0.30727359767246387,3.39,0.77,0.35,-0.02,4.5,2.5155546891499014,2.0601648707361697,,81.4369,0.0
1998-08-01,0.6302641379705598,5.904222926214131,-1.0238004750940166,-0.24266818339355734,,,,,4.5,2.8110426856019277,1.352013606618807,,82.6826,0.0
1998-09-01,0.5267678213570104,4.839045892674498,-1.1751337692446517,-0.15133329415063512,5.26,1.25,0.13,0.19,4.6,2.5644345539146185,2.017605583238802,,82.1974,0.0
1998-10-01,-0.011419435879866935,4.621968547319155,-1.202570186891272,-0.027436417646620193,6.06,1.32,0.1,0.16,4.5,2.4402052871114632,3.75202505670158,,82.3679,0.0
1998-11-01,-0.5126452494873535,3.6972442974096964,-1.0977400932561054,0.10483009363516649,,,,,4.4,2.4125384380081494,4.648221229599425,,81.9145,0.0
1998-12-01,-0.784670495252171,3.6731356822304884,-0.8958907250249948,0.20184936823111066,5.48,1.23,0.18,0.23,4.4,2.44562381070903,4.931540307170668,,81.8823,0.0
1999-01-01,-1.089732674953181,3.6409589763820582,-0.6394131387143509,0.2564775863106439,,,,,4.3,2.317997532169924,4.592122055091119,,81.8698,0.0
1999-02-01,-1.3161627049412816,4.055910213435232,-0.3636181655872317,0.2757949731271192,5.54,1.16,0.22,0.1,4.4,2.4804626570786414,6.029465586405358,,82.0031,0.0
1999-03-01,-1.525202698871686,4.23335941760925,-0.07486631305985147,0.2887518525273802,5.15,1.08,0.69,0.2,4.2,2.45196340830105,6.011923887044368,,81.8486,0.0
1999-04-01,-1.6669501615921067,4.105092640183194,0.22759499345492706,0.30246130651477854,5.11,1.03,0.83,0.26,4.3,2.5110406071138236,4.652521611804139,,81.7151,0.0
1999-05-01,-1.6511575124829814,4.063545130871371,0.5429219605461721,0.3153269670912451,,,,,4.2,2.357643469001802,5.318767025896953,,81.9082,0.0
1999-06-01,-1.7777020503208951,4.616625472804392,0.8494241080814202,0.30650214753524807,4.65,1.09,1.01,0.24,4.3,2.3858624956375474,4.851725678543506,,81.5543,0.0
1999-07-01,-0.6600470642254441,5.6498052629395,1.1192794559550467,0.2698553478736265,4.79,1.14,1.17,0.27,4.3,2.5433599290077824,6.23475846125654,,81.7388,0.0
1999-08-01,-1.571485509309345,3.9719289604282393,1.3371341188720853,0.2178546629170386,,,,,4.2,2.3912253251781923,8.020222993344328,,81.8026,0.0
1999-09-01,-1.5663268212109172,3.6372283066848032,1.4838611368621857,0.14672701799010035,4.91,1.28,1.02,0.25,4.2,2.389067727071903,6.967709242419984,,81.1741,0.0
1999-10-01,-1.3590680676107803,4.249748819161359,1.5321970164298593,0.0483358795676736,5.06,1.21,1.02,0.27,4.1,2.5443488672527437,5.197923606484567,,81.9218,0.0
1999-11-01,-1.0534753234856309,4.902585205435117,1.4793467559191642,-0.05285026051069508,5.13,1.21,0.9,0.23,4.1,2.549853407009728,5.871464585419761,,82.0702,0.0
1999-12-01,-0.9742678663533733,5.3152432320418,1.3448752106826278,-0.13447154523653637,4.86,1.17,0.94,0.17,4.0,2.4985305066812957,6.790533370758056,,82.4391,0.0
2000-01-01,-0.8205657887186524,4.802426035163743,1.1288079098054515,-0.2160673008771763,,,,,4.0,2.593599010172354,5.89719158503732,,82.0932,0.0
2000-02-01,-0.6381144006898487,4.557941773248531,0.851497150079239,-0.27731075972621255,4.87,1.21,0.91,0.02,4.1,2.343932936823867,5.776610648997305,,82.0943,0.0
2000-03-01,-0.3800092123445453,4.74392151286791,0.5657559099223164,-0.2857412401569226,5.11,1.3,0.63,-0.13,4.0,2.6280081725595483,5.95790537127463,,82.134,0.0
2000-04-01,-0.25370466470622244,5.172844298260548,0.2827693827785138,-0.28298652714380257,,,,,3.8,2.55606706273912,3.9384909290264503,,82.3741,0.0
2000-05-01,-0.3173137944960436,4.835287309514125,-0.0033230206770928916,-0.2860924034556067,5.83,1.62,0.29,-0.44,4.0,2.5556426758168715,3.84309479411038,,82.335,0.0
2000-06-01,0.00578235226089685,4.97966481657699,-0.27342634691498446,-0.2701033262378916,6.22,1.77,0.46,-0.41,4.0,2.307024883021902,3.5220176034301387,,82.1191,0.0
2000-07-01,0.08088745088976612,4.183041595873838,-0.530650070755434,-0.25722372384044956,,,,,4.0,2.1688906746200276,2.065309696937523,,81.7036,0.0
2000-08-01,0.0,3.452822156698221,-0.7985568358161221,-0.2679067650606881,6.31,1.68,-0.25,-0.27,4.1,2.0544562096749264,1.7286437453508885,,81.2193,0.0
2000-09-01,-0.3066774678856632,4.3220943695978065,-1.0940682562750825,-0.2955114204589604,6.48,1.72,-0.59,-0.41,3.9,1.9773140585026105,2.5311874934203615,,81.2955,0.0
2000-10-01,-0.32997568600208194,2.624433787632552,-1.4415676258039967,-0.34749936952891414,,,,,3.9,1.670021048103365,2.5536659058224442,,80.7298,0.0
2000-11-01,-0.4629093854877864,2.10197371320775,-1.8313086203494922,-0.3897409945454955,7.75,1.88,-0.63,-0.14,3.9,1.6011711773858517,0.6836893127878607,,80.4815,0.0
2000-12-01,-0.5671624515307561,0.948092664497846,-2.2307255709430707,-0.3994169505935785,8.98,1.99,-0.71,-0.1,3.9,1.478020843687644,-1.476376690813519,,79.9449,0.0
2001-01-01,-1.035639898171714,0.5268616288075956,-2.5567833178135935,-0.3260577468705228,,,,,4.2,1.2914946073230515,0.5909920640057909,,79.2915,0.0
2001-02-01,-1.469567229807911,-0.4790432218218732,-2.7488073249582468,-0.19202400714465329,7.83,1.74,0.1,0.55,4.2,1.2713447884015627,-0.885555967904994,,78.5159,0.0
2001-03-01,-2.1038030285516096,-1.112583212970908,-2.8211368199351328,-0.07232949497688601,7.68,1.78,0.03,0.46,4.3,0.8715540561077262,-2.606772141036484,,78.0741,0.0
2001-04-01,-2.8729984392161345,-2.080053180296093,-2.7901122584052307,0.031024561529902073,,,,,4.4,0.43523426067044735,0.6763053664345486,,77.561,1.0
2001-05-01,-3.5768028707026223,-2.877289107297931,-2.6751288759691128,0.11498338243611794,7.95,1.61,1.38,1.07,4.3,0.2301199803186771,0.10877330741654312,,76.9249,1.0
2001-06-01,-4.521538016767856,-3.463051252771465,-2.5387112280482294,0.1364176479208834,7.65,1.53,1.72,1.17,4.5,0.17946116218139352,-0.6617874048158057,,76.3013,1.0
2001-07-01,-5.432398106454217,-3.880013744475541,-2.40547467433484,0.1332365537133895,,,,,4.6,-0.04310736001451598,0.06760226467585895,,75.6377,1.0
2001-08-01,-6.097067160293868,-3.708783791081205,-2.25852893093047,0.14694574340436972,8.09,1.49,1.58,1.28,4.9,-0.1610780888425034,0.5506771841047753,,75.3826,1.0
2001-09-01,-6.46003830750479,-4.632904830683559,-2.05441618540525,0.20411274552522007,,,,,5.0,-0.4344934939322087,-3.2009035429407473,,74.7982,1.0
2001-10-01,-7.22541673926933,-4.571351468048357,-1.70651315734629,0.3479030280589601,10.14,1.85,2.18,1.73,5.3,-0.6800048355899424,4.542092025447553,,74.4059,1.0
2001-11-01,-8.004883153121733,-5.1525786635930775,-1.1971468903697713,0.5093662669765187,9.56,1.93,2.18,1.75,5.5,-1.0652101753221288,2.2231005481617716,,73.8179,1.0
2001-12-01,-8.550142599383037,-4.86638793143589,-0.5606396335012365,0.6365072568685348,,,,,5.7,-1.3057958347147292,1.342989322454069,,73.6523,0.0
2002-01-01,-8.868751826951183,-3.7298619665951382,0.09014120296089168,0.6507808364621281,,,,,5.7,-1.3895691883378691,0.3590756697276154,,74.042,0.0
2002-02-01,-8.878449794480325,-3.097219590053568,0.6485366812460036,0.5583954782851119,7.81,1.71,3.26,1.94,5.7,-1.5453203602735166,1.1400756607403473,,73.9315,0.0
2002-03-01,-8.826307710473491,-2.1217129647424504,1.0419486267242206,0.393411945478217,7.99,1.78,3.21,1.8,5.7,-1.528425397925437,1.67536875081582,,74.401,0.0
2002-04-01,-8.391858112129514,-1.308927642541624,1.2201060817248255,0.17815745500060487,7.0,1.7,3.65,1.7,5.9,-1.390639981276942,0.7984006274066147,,74.683,0.0
2002-05-01,-7.935174069627848,-0.361065225507895,1.1889884763858882,-0.03111760533893726,6.89,1.92,3.31,1.87,5.8,-1.3420537878845118,-0.08036621275829825,,74.948,0.0
2002-06-01,-7.3638951129413215,0.9940845010809607,1.0133692863923516,-0.17561918999353665,,,,,5.8,-1.2290342330629866,1.0876672774004836,,75.5244,0.0
2002-07-01,-6.8677125938587436,1.5783009395395453,0.7717717421071191,-0.2415975442852325,8.69,1.85,3.13,1.97,5.8,-1.2014738482723164,2.5476631264412575,,75.4765,0.0
2002-08-01,-6.542228793199034,1.5629731821393822,0.5291529547184259,-0.24261878738869314,9.54,2.26,2.79,2.32,5.7,-1.089978109543177,1.9280768141684002,,75.39,0.0
2002-09-01,-6.186398610076937,2.2130275872879412,0.28569388913350924,-0.2434590655849167,,,,,5.7,-0.9562623801826042,3.0581465497238947,,75.4643,0.0
2002-10-01,-5.722156138483692,2.255186635160178,0.00917095161325765,-0.2765229375202516,10.21,2.36,2.13,1.92,5.7,-0.6352128533609225,-3.919565832707761,,75.2771,0.0
2002-11-01,-5.263823064770934,3.423412147554794,-0.3104903851651519,-0.3196613367784096,10.47,2.45,2.58,2.25,5.9,-0.40261087049350275,-1.024942160808795,,75.7113,0.0
2002-12-01,-5.098014256619143,2.889866798403684,-0.6777543028512634,-0.36726391768611144,,,,,6.0,-0.39547116801417204,1.2327368684631246,,75.3192,0.0
2003-01-01,-4.625352835514496,3.022153794676674,-1.058228708126141,-0.38047440527487764,,,,,5.8,-0.21855585018989432,1.3625550632546224,,75.9737,0.0
2003-02-01,-4.755767495811314,3.1570986391251,-1.3830198956356399,-0.32479118750949887,,,,,5.9,-0.2256455758169129,-1.0244593663032653,,76.0964,0.0
2003-03-01,-4.675257398173926,2.1027416088369,-1.5643927889425924,-0.1813728933069525,,,,,5.9,-0.37254631967075236,0.5879823091785585,,75.9158,0.0
2003-04-01,-5.093555093555091,0.9831302267877318,-1.520998309754229,0.043394479188363366,7.61,1.57,2.72,2.34,6.0,-0.33916472074416726,0.6230748136196285,,75.471,0.0
2003-05-01,-5.085408788629553,0.5172636176430156,-1.2405944752261977,0.2804038345280313,6.37,1.33,2.78,2.38,6.1,-0.3337620184946988,1.8885164046765768,,75.4753,0.0
2003-06-01,-5.25593253579133,-0.16983995341531832,-0.7576999702012199,0.48289450502497777,,,,,6.3,-0.37345128679987516,2.721293206694031,,75.6024,0.0
2003-07-01,-5.591242789722073,0.3787360607919288,-0.13807706538403464,0.6196229048171853,6.15,1.24,2.67,2.26,6.2,-0.3055527901794308,2.139775887297546,,76.0121,0.0
2003-08-01,-5.240261024322724,0.2681376690355064,0.5399251317611098,0.6780021971451444,5.77,1.2,3.49,2.59,6.1,-0.3285292000428819,2.522982119406003,,75.865,0.0
2003-09-01,-5.112772008730737,0.8215160866442472,1.2216199739427225,0.6816948421816127,5.46,1.18,,,6.1,-0.19156647739898558,3.8827706875257384,,76.3685,0.0
2003-10-01,-4.814396706288592,1.2235781890910236,1.844633054702105,0.6230130807593826,5.46,1.13,3.01,2.49,6.0,-0.13551069156388929,3.285985091067456,,76.4833,0.0
2003-11-01,-4.509071504802565,1.3551945272936683,2.3591089563230083,0.5144759016209033,,,,,5.8,-0.10335640350339625,3.6555063145221167,,77.0141,0.0
2003-12-01,-4.10435249144927,1.9721077191654723,2.762266116698542,0.4031571603755335,4.37,1.0,3.45,2.28,5.7,0.09504464798988366,2.8115506339149166,,77.0642,0.0
2004-01-01,-3.8743525929911926,1.305618251224261,3.0681890019838676,0.30592288528532574,,,,,5.7,0.14015148614185957,2.5417188547715686,,77.2041,0.0
2004-02-01,-3.3897158322056864,1.8071133856800703,3.2645419602690184,0.19635295828515087,,,,,5.6,0.2905528169823812,4.97862159251401,,77.6963,0.0
2004-03-01,-2.94816928197813,1.688120737665466,3.319583280101357,0.05504131983233851,4.29,0.95,3.03,2.33,5.8,0.6941298422083131,5.552542070030575,,77.4077,0.0
2004-04-01,-2.0057502738225597,2.7253898271722976,3.206970187906011,-0.1126130921953461,4.32,0.96,2.98,2.26,5.6,0.952585809544293,3.9498035238940243,,77.7236,0.0
2004-05-01,-1.4837202912488023,3.522676991150453,2.9493249958686185,-0.25764519203739233,,,,,5.6,1.152877200528435,4.387804077096025,,78.3145,0.0
2004-06-01,-1.0970813496170573,2.591151529613467,2.58500349937385,-0.3643214964947683,4.25,0.99,3.54,2.11,5.6,1.235933479279483,2.031324039204918,,77.724,0.0
2004-07-01,-0.49989585503019685,2.8172187424783113,2.1388687218370173,-0.44613477753683295,4.13,1.0,3.35,1.93,5.5,1.2820315860627929,2.2189835343731534,,78.305,0.0
2004-08-01,-0.21563717306621877,3.1244596242233635,1.6434633183540326,-0.4954054034829847,,,,,5.4,1.3729994698547188,1.2920310383052191,,78.3738,0.0
2004-09-01,-0.09758817788930729,2.5753458835940046,1.1422220170868247,-0.5012413012672079,4.07,0.96,2.55,1.72,5.4,1.4110999362778598,3.567359373838941,,78.4547,0.0
2004-10-01,-0.013952839402819883,3.349110266226174,0.6777838966069982,-0.46443812047982647,3.78,0.91,2.5,1.58,5.5,1.5263722784421896,3.4951853620124096,,79.1352,0.0
2004-11-01,-0.0698519139424425,2.9036162233450957,0.2911134096440948,-0.3866704869629034,3.56,0.92,2.12,1.5,5.4,1.5504173021359424,3.3010824436536135,,79.3,0.0
2004-12-01,-0.09790894468144629,3.654316005086078,-0.01664790933880722,-0.30776131898290204,3.15,0.86,2.16,1.37,5.4,1.5621530144192874,4.479223214726358,,79.8779,0.0
2005-01-01,-0.2379119725701484,3.846878696109912,-0.2747678158909084,-0.25811990655210115,,,,,5.3,1.5486861023585874,3.4410857495373204,,80.1076,0.0
2005-02-01,-0.04902304082918807,3.9520126588409976,-0.4898200108886197,-0.21505219499771133,3.26,0.85,1.64,0.86,5.4,1.6916373643173888,3.8677257453173963,,80.6185,0.0
2005-03-01,-0.13298803107720802,4.21205401526743,-0.6538215514573453,-0.16400154056872562,2.81,0.8,1.63,0.79,5.2,1.5350124676869692,2.1238905951488585,,80.4254,0.0
2005-04-01,-0.4610548375829526,4.024944103978978,-0.7338325157302039,-0.08001096427285859,3.55,0.93,1.66,0.71,5.2,1.6033543359814884,3.598517181669636,,80.5049,0.0
2005-05-01,-0.6066099567703209,3.355897611249725,-0.7188325873446755,0.014999928385528438,,,,,5.1,1.5125629285405173,2.255952957119356,,80.4835,0.0
2005-06-01,-0.746476908050786,4.612281686015529,-0.6196516947866604,0.0991808925580151,4.13,0.97,0.94,0.41,5.0,1.6336100277706045,6.3839018368918365,,80.7304,0.0
2005-07-01,-0.7396552927220745,3.5162939256142556,-0.4689709096925676,0.15068078509409277,3.75,0.95,0.89,0.3,5.0,1.8558546259850095,5.693380171456663,,80.3636,0.0
2005-08-01,-1.0108051585918432,3.7683394549402394,-0.2836308407737853,0.1853400689187823,3.29,0.88,0.84,0.28,4.9,1.9425496437774692,4.050389717773806,,80.5144,0.0
2005-09-01,-1.1094055260954527,1.6440977945341828,-0.07660276175631697,0.20702807901746834,3.7,0.89,0.54,0.3,5.0,1.8646236306788522,1.2334606853090735,,78.8408,0.0
2005-10-01,-0.9977672341613175,1.9790735913798763,0.14396906965310485,0.22057183140942183,,,,,5.0,1.6703037808368126,1.33120851206594,,79.6882,0.0
2005-11-01,-0.8527890395638171,2.848161685205386,0.35401313326528516,0.2100440636121803,3.57,0.93,0.62,0.16,5.0,1.8829620237879707,2.565804819406825,,80.4459,0.0
2005-12-01,-0.6720336016800887,2.5442347042908153,0.5404880339195728,0.18647490065428762,3.62,0.96,0.55,0.07,4.9,1.906822791395557,1.306054970035131,,80.7149,0.0
2006-01-01,-0.3436908185452725,2.3451555875404706,0.7087598674658357,0.16827183354626296,,,,,4.7,1.992001867737092,4.632688844094046,,80.7219,0.0
2006-02-01,-0.4484304932735439,1.6545356831095148,0.8559591071350292,0.14719923966919346,3.35,0.9,0.1,-0.02,4.8,2.028068223673829,2.9299913058392857,,80.6346,0.0
2006-03-01,-0.40650406504064707,2.0291493189678045,0.9646809730660788,0.1087218659310496,3.33,0.88,-0.01,-0.12,4.7,2.1659456861331305,3.26965314325971,,80.693,0.0
2006-04-01,-0.18246894518914036,2.119218044863791,0.9943288788538451,0.029647905787766327,,,,,4.7,2.0139455807787643,2.6554609979166033,,80.8033,0.0
2006-05-01,-0.38582953349701743,2.049416335573717,0.9407087074245535,-0.05362017142929165,2.96,0.87,0.32,0.2,4.6,1.9148920255219304,2.539860967312535,,80.6874,0.0
2006-06-01,-0.11949110845574928,1.947023262373082,0.8428016525701354,-0.09790705485441809,3.13,0.92,0.28,0.07,4.6,1.782794687451017,-0.14934546478031496,,80.8131,0.0
2006-07-01,-0.2811950790861162,2.2050873763549417,0.7486582129901498,-0.09414343957998561,,,,,4.7,1.6597170513775072,-0.4385587261131918,,80.6047,0.0
2006-08-01,-0.3239436619718261,2.3119977274224324,0.6795692945219312,-0.06908891846821863,3.44,0.98,-0.13,0.02,4.7,1.6282164710080815,1.2907561061119566,,80.7869,0.0
2006-09-01,-0.37395046920200015,4.143943306002318,0.6322563948007343,-0.0473128997211969,3.49,0.98,-0.29,-0.04,4.5,1.6907709915721547,2.2909825415200036,,80.4643,0.0
2006-10-01,-0.8527732750722383,2.7807646325062496,0.5739230072241641,-0.05833338757657014,,,,,4.4,1.6361786353542351,2.795350542160846,,80.1979,0.0
2006-11-01,-1.0575296108291,1.635562903583132,0.5051282940329749,-0.06879471319118924,3.3,0.95,-0.5,-0.09,4.5,1.5274187216201662,1.6479191085142508,,79.9873,0.0
2006-12-01,-1.268588343082666,2.1844950052208656,0.45442845008012434,-0.05069984395285054,3.21,0.94,-0.6,-0.09,4.4,1.5470782343627532,2.2654551600739037,,80.6149,0.0
2007-01-01,-1.4358108108108114,1.6586668297206675,0.4393973967319553,-0.01503105334816901,,,,,4.6,1.5107881795223932,-0.3163366505933407,,80.1358,0.0
2007-02-01,-1.5132319819819773,2.595430111634367,0.4699038853386295,0.030506488606674154,2.66,0.88,-0.29,-0.12,4.5,1.3460447502781303,0.31660662058345945,,80.7193,0.0
2007-03-01,-1.7311752287121784,2.5448388221316343,0.5582614413828013,0.08835755604417184,2.83,0.89,-0.59,-0.07,4.4,1.283483783704309,0.36574180233890363,,80.6791,0.0
2007-04-01,-1.996765801870215,2.928277122815981,0.6986015103281895,0.1403400689453882,,,,,4.5,1.2018383648537467,-0.1639663811587755,,81.0476,0.0
2007-05-01,-1.9577464788732346,2.957731639167882,0.8472523828728873,0.14865087254469778,2.74,0.94,-0.26,0.01,4.4,1.2800093945643631,1.323001650145983,,80.9347,0.0
2007-06-01,-2.1604503870513714,2.640251696792606,0.9544090840876596,0.10715670121477228,2.41,0.94,0.16,-0.02,4.6,1.2718670920893294,-0.0017257942968251783,,80.8222,0.0
2007-07-01,-2.143108917870995,2.5462969979318073,0.9824841834117137,0.028075099324054165,,,,,4.7,1.1096543591471386,0.4710481253207055,,80.5906,0.0
2007-08-01,-2.3526918185671875,2.3033116140383614,0.9066239571363877,-0.07586022627532607,4.28,1.29,-0.13,0.2,4.6,0.9656675908788381,1.024522783517634,,80.6774,0.0
2007-09-01,-2.3796033994334276,2.7394416304021396,0.742240337815292,-0.1643836193210957,,,,,4.7,0.9296274912482083,1.1033805825803267,,80.8326,0.0
2007-10-01,-2.2177992607335772,2.544013542783752,0.5312900410636034,-0.21095029675168853,4.19,1.49,0.64,0.54,4.7,0.972626163716872,0.9932936859420538,,80.5829,0.0
2007-11-01,-2.016531281174294,3.1488562136023246,0.2929862947357531,-0.23830374632785034,4.53,1.54,0.55,0.59,4.7,0.8974106419769257,0.8874738261193782,,81.0492,0.0
2007-12-01,-1.9273324291526839,2.161468348108375,0.049310874988073294,-0.2436754197476798,,,,,5.0,0.8349787612295989,-1.1968266994939136,,81.1309,0.0
2008-01-01,-2.0494144530134206,2.4005910504377725,-0.19768934323575182,-0.24700021822382512,,,,,5.0,0.6684997672253168,-0.9983361064891838,1.3612378141490078,81.0828,1.0
2008-02-01,-2.165368398484957,1.0514652003741132,-0.46151705221940675,-0.26382770898365493,6.96,2.3,1.52,1.53,4.9,0.5590369153375407,-1.9366035833753403,1.0350503658907328,80.8474,1.0
2008-03-01,-2.2486393583500464,0.5506703985918016,-0.7476257422135868,-0.28610868999418004,,,,,5.1,0.34474749967339235,-2.2841247900935557,1.1741892821717892,80.6547,1.0
2008-04-01,-2.5109405265800966,-0.8042547033000225,-1.071313638053406,-0.3236878958398193,8.02,2.98,2.17,1.77,5.0,0.14001233269251845,-2.07821293212358,1.240905235905898,80.1636,1.0
2008-05-01,-2.636115500646463,-1.4693944221461086,-1.4440153184825943,-0.3727016804291883,6.81,2.57,2.33,1.41,5.4,-0.10290377048111088,-2.5596346470323605,1.280085576751655,79.7148,1.0
2008-06-01,-2.9418111199021824,-1.752894848934683,-1.8896682914861573,-0.445652973003563,,,,,5.6,-0.26870622659684873,-2.4046482195248187,1.0892721843383857,79.5288,1.0
2008-07-01,-3.3282904689863835,-2.045316384108431,-2.4233486010714067,-0.5336803095852494,7.48,2.77,2.14,1.38,5.8,-0.3955260641534619,-3.6847239756685357,0.29682029042177316,79.1573,1.0
2008-08-01,-3.4223283409304694,-3.781136209207392,-3.055834688761516,-0.6324860876901095,8.13,3.0,2.31,1.46,6.1,-0.5811046785447749,-4.796573875803,-0.13628197980548595,77.8633,1.0
2008-09-01,-3.7507254788160194,-8.225396987330157,-3.7932446930259323,-0.737410004264416,8.36,3.17,,,6.1,-0.9695802347557181,-6.333877765467777,-0.8833203649996402,74.3831,1.0
2008-10-01,-4.4925850537947065,-7.03047677889429,-4.580382052336429,-0.7871373593104964,11.24,4.61,2.92,1.95,6.5,-1.3634685946286251,-9.156970949867027,-1.1140953828212008,75.0459,1.0
2008-11-01,-5.272343829539672,-8.760799360574156,-5.3150982968135025,-0.7347162444770738,,,,,6.8,-1.987114128902101,-11.299769137164372,-1.6222602317010781,73.9671,1.0
2008-12-01,-6.528859451197322,-11.390506509810672,-5.916346229572412,-0.6012479327589091,20.2,6.44,2.65,1.82,7.3,-2.563676433397155,-11.384139729124843,-1.846476872722791,71.7765,1.0
2009-01-01,-8.493110738499677,-13.488198157011356,-6.314262804392157,-0.3979165748197451,,,,,7.8,-3.116532144431361,-10.127927459643649,-1.3844280520947438,69.8882,1.0
2009-02-01,-9.634769905040175,-13.689528727907273,-6.460033707855295,-0.1457709034631387,,,,,8.3,-3.6218525667440216,-9.825762399023386,-1.446798714350217,69.3805,1.0
2009-03-01,-10.652014652014651,-14.767650920446162,-6.335484717608164,0.12454899024713129,,,,,8.7,-4.16977078918247,-11.250942547010446,-2.097667393858027,68.2145,1.0
2009-04-01,-11.568180145706087,-14.852901184452637,-5.92422499252555,0.41125972508261377,17.12,5.86,2.46,1.85,9.0,-4.503832278068353,-10.584033638085632,-2.4028922886997983,67.6067,1.0
2009-05-01,-12.578384360014748,-15.169733236396176,-5.259860665588678,0.6643643269368722,13.34,4.81,3.05,2.29,9.4,-4.630361767415547,-10.288926809883359,-2.4952471482889704,66.8861,1.0
2009-06-01,-13.198458574181116,-15.217556732163306,-4.372211641716406,0.8876490238722718,11.36,3.82,3.58,2.74,9.5,-4.859184592368804,-8.826996758031235,-2.2891003200860682,66.6446,1.0
2009-07-01,-13.152992026231459,-13.814305859822129,-3.2878364268484006,1.0843752148680057,10.5,3.31,3.38,2.5,9.5,-4.971708679398978,-7.415439796471624,-1.4876838561049044,67.4381,0.0
2009-08-01,-13.005693736889423,-11.456211656520088,-2.02736465388631,1.2604717729620907,,,,,9.6,-4.911413807930853,-5.460488828909882,-0.591065779329536,68.2152,0.0
2009-09-01,-12.715760910529884,-6.600746492000653,-0.6344772794127596,1.3928873744735504,9.18,2.54,3.24,2.46,9.8,-4.7637501645193865,-6.5097704478248914,-0.8483723917678487,68.8533,0.0
2009-10-01,-12.262140356218598,-7.320327835891582,0.8018545205556782,1.4363317999684377,8.11,2.38,3.11,2.34,10.0,-4.571768175915125,-3.1175946938826637,-0.584319857047122,69.0873,0.0
2009-11-01,-11.73038538307999,-5.707487639620556,2.17199038095377,1.3701358603980918,,,,,9.9,-4.046686291435186,-0.4551573818834531,-0.4373465254252529,69.468,0.0
2009-12-01,-10.722628874007167,-2.633001789761502,3.376406701481849,1.204416320528079,7.58,2.21,3.22,2.61,9.9,-3.7368276639450637,1.4463509256125162,0.46288806198206967,69.823,0.0
2010-01-01,-8.803377947737411,0.9262067279837805,4.318961208767802,0.9425545072859531,,,,,9.8,-3.1891883828816026,0.195361450815823,-0.17447634727056904,70.7084,0.0
2010-02-01,-7.533748282273056,1.8915565269856272,4.91195205445798,0.5929908456901778,6.54,1.84,3.58,2.82,9.8,-2.7093318931569077,1.2339601375817022,0.6118323525448055,71.1021,0.0
2010-03-01,-6.206953099376844,4.240484150949064,5.131716447963797,0.2197643935058169,6.66,1.86,3.48,2.81,9.9,-1.9827612233191405,5.140583938721344,1.5111054977175575,71.7572,0.0
2010-04-01,-4.510277107431138,5.44397210407237,4.968586580324974,-0.16312986763882265,5.82,1.61,3.73,2.84,9.9,-1.290386205536298,5.547211637470251,1.871160101192637,72.1775,0.0
2010-05-01,-2.8607594936708836,7.955631736823032,4.512041903253183,-0.4565446770717907,,,,,9.6,-0.6275291325645749,3.9860595400950993,2.031936884483798,73.3305,0.0
2010-06-01,-1.570904123623329,8.537034718794079,3.8861138323055933,-0.6259280709475901,7.04,2.05,3.13,2.51,9.4,-0.38013235933958,3.1440116373040228,2.2515815216900936,73.6492,0.0
2010-07-01,-0.9267204393341388,7.667126099809418,3.2294006919959317,-0.6567131403096615,7.17,2.09,2.79,2.33,9.4,-0.1890373635793141,2.799997425881484,2.191021847258079,74.0764,0.0
2010-08-01,-0.6372717878057155,6.872516283026275,2.6382330342990867,-0.591167657696845,,,,,9.5,-0.04292108651664517,1.6584084608015415,1.5261187377429097,74.479,0.0
2010-09-01,-0.26770293609671425,6.261236569045625,2.1556913360752272,-0.4825416982238595,6.8,1.94,2.45,2.08,9.5,0.0729383402304773,5.222449751529301,2.5668939952854686,74.8001,0.0
2010-10-01,0.18218096642665937,5.734583682058547,1.7840308659830884,-0.3716604700921389,6.22,1.84,2.38,2.12,9.4,0.4297950208362211,5.2335626144518255,2.7122970046103534,74.6921,0.0
2010-11-01,0.6348930248738949,5.378513238752403,1.5067182721757444,-0.27731259380734397,5.96,1.79,2.53,2.32,9.8,0.5313014193667476,5.41666666666667,3.1378832340180463,74.8191,0.0
2010-12-01,0.9943305713039585,6.064342410052537,1.2794120095898975,-0.22730626258584685,6.02,1.81,2.81,2.44,9.3,0.7873166522864627,5.347449470644849,2.6473298560475422,75.6199,0.0
2011-01-01,1.389010221018605,4.708166974437633,1.0812056312085705,-0.19820637838132704,,,,,9.1,0.7973682994098619,5.664697619826442,2.950666857880413,75.4919,0.0
2011-02-01,1.730920535011804,3.9103018168898496,0.9117487339079577,-0.16945689730061275,4.99,1.61,3.33,2.87,9.0,1.0415943872634115,5.962786174065493,2.5378172271533828,75.1957,0.0
2011-03-01,1.9232450389019995,4.252259928374591,0.7306547471569003,-0.18109398675105748,4.76,1.52,3.27,2.75,9.0,1.0911330997574353,4.132526497782463,2.4039956985807187,75.9692,0.0
2011-04-01,1.8649237472766922,3.5334681248321065,0.5514315473113207,-0.17922319984557955,4.72,1.5,3.39,2.66,9.1,1.135106055948354,3.3784665477751386,2.073595799593786,75.6918,0.0
2011-05-01,1.6158457127964487,2.258307942953963,0.37412139720736093,-0.17731015010395978,,,,,9.0,0.8121368921411687,3.8038201078751444,1.70217283601104,75.7389,0.0
2011-06-01,1.5699540289704217,2.335063049966646,0.18103189406375453,-0.1930895031436064,5.15,1.57,2.91,2.52,9.1,1.0895800289635105,4.722385889255221,1.691878629551824,75.8967,0.0
2011-07-01,1.5849644898666249,2.4290308699050023,-0.04247747864417617,-0.2235093727079307,5.34,1.61,3.2,2.72,9.0,1.209983514166324,4.273712940705132,1.5895508594664376,76.1727,0.0
2011-08-01,1.8200728029121205,2.7040745796685695,-0.28050934811160166,-0.2380318694674255,5.63,1.66,2.67,2.39,9.0,1.3104220341062511,3.7426280151028113,1.2827942261089298,76.557,0.0
2011-09-01,1.7577279418131475,2.3382044579998817,-0.47704110437416514,-0.19653175626256347,7.26,2.2,2.13,1.96,9.0,1.5359592456767546,3.9486569236299562,1.3543978455951233,76.3854,0.0
2011-10-01,1.8531347419466604,3.3322786552962835,-0.5879001438700127,-0.11085903949584752,,,,,8.8,1.4790883548587042,3.6463361393109572,1.2792132226198571,76.7959,0.0
2011-11-01,1.5728977616454864,3.247270380689904,-0.6211528285237522,-0.03325268465373954,7.42,2.29,2.0,1.78,8.6,1.4845237822086688,3.1107391365438497,0.8526793506720365,76.6551,0.0
2011-12-01,1.761810173590117,2.7665944379623664,-0.5918674933860224,0.029285335137729795,7.69,2.64,2.1,1.84,8.5,1.573033707865168,2.9272036252010025,0.7643900568280682,76.9204,0.0
2012-01-01,1.843873858349121,3.609208374871109,-0.5339574597785224,0.05791003360750002,,,,,8.3,1.8404579744262017,3.243194027132845,1.0403970050496314,77.2407,0.0
2012-02-01,1.7530291312193969,4.367208038320736,-0.47731539385659216,0.05664206592193022,6.54,2.27,1.81,1.64,8.3,1.8709559272372056,3.7516983182874997,1.6807747239349302,77.3425,0.0
2012-03-01,1.895531349172308,2.7589061854836228,-0.4132999312901342,0.06401546256645796,5.94,2.01,1.95,1.73,8.2,1.8783991712496784,3.508930236475316,1.1967785048513369,76.798,0.0
2012-04-01,1.7794507656771374,3.83729583768877,-0.33448438857400786,0.07881554271612634,,,,,8.2,1.693047713853657,2.826865743412199,1.4119507511578089,77.2057,0.0
2012-05-01,1.8038813370949924,3.932078023040919,-0.2284930879603686,0.10599130061363926,5.96,2.02,1.89,1.71,8.2,1.6924315130899537,3.27095189528126,1.534500156581653,77.233,0.0
2012-06-01,1.7762596071733583,3.6443652424845263,-0.07719177345563155,0.15130131450473705,7.16,2.33,1.4,1.22,8.2,1.5773396699789943,1.598113388239808,1.194206017895727,77.1126,0.0
2012-07-01,1.833063347258923,3.3605726392072377,0.11969031251559681,0.19688208597122836,,,,,8.2,1.6394808815618944,2.34314496521002,1.2311237794893515,77.1378,0.0
2012-08-01,1.634320735444339,2.288180328799738,0.32332114089621555,0.20363082838061874,6.1,1.93,1.46,1.32,8.1,1.6749290444654674,3.225010828240049,1.3124929564034105,76.6993,0.0
2012-09-01,1.5486725663716783,2.312353458690608,0.4805660710619053,0.15724493016568974,,,,,7.8,1.6419331439279539,2.6401617009605527,1.2886977142708922,76.5385,0.0
2012-10-01,1.5218500255058665,1.9249841413494284,0.5347840728259667,0.05421800176406144,5.71,1.68,1.55,1.39,7.8,1.5955881798224159,1.804709330264176,1.098910592565061,76.6654,0.0
2012-11-01,1.505998468476144,2.3313663148609054,0.48789046806583247,-0.046893604760134266,5.57,1.5,1.66,1.45,7.7,1.6090134900896835,2.407825432656141,1.7108439990653812,76.849,0.0
2012-12-01,1.3239412713230925,2.0872127418229747,0.3940841491713476,-0.09380631889448487,,,,,7.9,1.6449942808981932,2.6492691875258823,1.7074795214905292,76.9607,0.0
2013-01-01,1.2013536379018586,1.461458564792073,0.3206006581535803,-0.0734834910177673,,,,,8.0,1.510000375248599,2.6333427402285947,1.767265520658312,76.8466,0.0
2013-02-01,1.1232159445992762,1.6248704492398014,0.315780830106549,-0.004819828047031294,4.94,1.47,1.98,1.77,7.7,1.5257512658417571,2.221536742366914,1.137395296253807,77.1172,0.0
2013-03-01,0.8164983164983264,2.5746446025254555,0.37994543984773976,0.06416460974119076,5.0,1.49,1.75,1.61,7.5,1.4512366540060384,1.6377436565039094,1.4004545259637124,77.3418,0.0
2013-04-01,0.6808439102294672,1.7413702686861932,0.523319223259544,0.1433737834118043,4.87,1.51,1.78,1.63,7.6,1.5303568092658315,1.9401301214115874,1.328032626762865,77.1785,0.0
2013-05-01,0.5878401074907558,1.6199549556482395,0.7307028440902474,0.20738362083070339,4.5,1.47,1.6,1.46,7.5,1.6142399557987908,2.4847914633504997,1.6115490061686222,77.1749,0.0
2013-06-01,0.5370028528276505,1.7904773238350158,0.9383557988866142,0.2076529547963668,,,,,7.5,1.6916395546667573,3.386904832039206,1.6964124906731604,77.2476,0.0
2013-07-01,0.1507032819825893,1.256560262267148,1.0837561882180546,0.1454003893314404,5.17,1.67,2.46,2.16,7.3,1.6652131457918662,3.3330595867991697,1.6081270754167987,76.9323,0.0
2013-08-01,0.4355108877721836,2.2784234950150806,1.1517565710417177,0.06800038282366305,4.63,1.51,2.7,2.39,7.2,1.7180544596465674,2.271071663762503,1.7421513344228812,77.3333,0.0
2013-09-01,0.6368359309535832,2.879295465929932,1.1330657926699628,-0.018690778371754924,,,,,7.2,1.7127946653582748,1.9925063173487523,1.9046072868958985,77.6904,0.0
2013-10-01,0.7704547357842761,2.432659941290538,1.0633088011042346,-0.06975699156572812,4.78,1.55,2.64,2.33,7.2,1.762111266225097,2.59905245307428,2.2414397169787215,77.5455,0.0
2013-11-01,1.039396479463539,2.2978620833350227,0.9689204511414751,-0.09438834996275958,4.31,1.44,2.61,2.32,6.9,1.8475801965510907,1.958957922324367,2.214678305851936,77.6904,0.0
2013-12-01,1.0134852165172958,2.2259248546671495,0.8362749878983111,-0.13264546324316395,,,,,6.7,1.7020299983712572,1.8793199859339138,2.2656336375156405,77.8052,0.0
2014-01-01,0.8025413810399673,1.8500900445741042,0.6780488023181208,-0.1582261855801903,,,,,6.6,1.703423852369923,0.20106893055389374,1.4766396288080186,77.4541,0.0
2014-02-01,0.9186570903624514,2.132631275888719,0.5460029893688434,-0.13204581294927742,,,,,6.7,1.5987310487292072,0.7333390269593121,1.954507731653199,77.9861,0.0
2014-03-01,0.9935710111046214,2.722444899896015,0.4676610795032454,-0.07834190986559797,,,,,6.7,1.6921047395146216,2.048214816678473,2.4061638390365125,78.7,0.0
2014-04-01,1.0936717315077615,2.91355254713499,0.40963559188307297,-0.058025487620172456,3.73,1.17,2.73,2.33,6.2,1.7840189000022155,3.193417053730152,2.55107217750119,78.7032,0.0
2014-05-01,1.1855067623977256,3.231981970611364,0.345556104022382,-0.06407948786069095,3.75,1.14,2.6,2.22,6.3,1.7759653183438084,2.5904785799410357,2.482272493486559,78.9551,0.0
2014-06-01,1.3687197462860956,3.3816055092565023,0.29138744878753897,-0.054168655234843044,,,,,6.1,1.8858371429200327,2.6388817660164987,2.8622751461075957,79.1445,0.0
2014-07-01,1.6970406286574091,3.9400922357927914,0.2542255878835942,-0.0371618609039448,3.5,1.09,2.56,2.11,6.2,1.9664054079814752,2.321237993596581,2.9589885700327834,79.236,0.0
2014-08-01,1.584389593062041,3.158618429847504,0.2242696831271207,-0.029955904756473473,4.25,1.12,2.49,2.05,6.1,1.9195585673931204,3.518149182289587,3.5003322035608964,79.0306,0.0
2014-09-01,1.590341382181526,2.9200867817758214,0.19808206327567301,-0.026187619851447685,3.84,1.12,,,5.9,2.004078321310332,3.1752812188523327,3.2206672759745425,79.1927,0.0
2014-10-01,1.6620959029336024,3.0603471142710337,0.1614908266769577,-0.036591236598715327,4.45,1.21,2.4,1.89,5.7,2.0110769769631,3.321008059706587,3.547966501178479,79.1358,0.0
2014-11-01,1.7089762734362024,3.4341671475725644,0.10526568175492912,-0.05622514492202857,,,,,5.8,2.0201578840047807,3.704187070525955,3.386966546526038,79.5592,0.0
2014-12-01,1.7081260364842477,3.2290234522884376,0.036268955947726944,-0.06899672580720217,4.82,1.36,2.19,1.73,5.6,2.1772837457142202,3.015385311808605,3.5792992756576103,79.5137,0.0
2015-01-01,1.716702604080278,2.802683070990164,-0.04784330411811144,-0.08411226006583838,,,,,5.7,2.1859393287341655,4.284864908128383,4.169378389653744,78.8301,0.0
2015-02-01,1.58060244952003,1.3791960264861292,-0.17250004662127116,-0.12465674250315972,,,,,5.5,2.261967003601728,2.5807837307755266,3.9428875193115998,78.2911,0.0
2015-03-01,1.5707671957671865,0.04265628762525342,-0.3247191263227589,-0.15221907970148774,,,,,5.4,2.1292169438707154,2.9703136731926483,3.662776772957388,77.9964,0.0
2015-04-01,1.5030142868940555,-0.5910006452100713,-0.4851644268685451,-0.1604453005457862,4.86,1.37,1.84,1.32,5.4,2.0962132222680063,2.203279635917066,3.683182031810417,77.5449,0.0
2015-05-01,1.534653465346536,-1.4394674449721867,-0.6438462289801938,-0.15868180211164873,4.53,1.33,2.11,1.52,5.6,2.1846482615224705,2.6879210298139222,3.769797194454738,77.1821,0.0
2015-06-01,1.3255392721883696,-2.0653672251392585,-0.7999511553639094,-0.15610492638371554,4.52,1.38,2.17,1.55,5.3,2.0597915721395132,2.307880214521263,3.480335489583597,76.9429,0.0
2015-07-01,1.2988080558980597,-1.6597046171326846,-0.971028754257619,-0.17107759889370966,4.88,1.46,2.42,1.74,5.2,2.0981786543757597,3.0059086243723776,3.638862528224096,77.4307,0.0
2015-08-01,1.116401247742571,-1.6716975763941488,-1.1495625052725944,-0.17853375101497537,,,,,5.1,2.0507076233763355,2.1803989783336197,3.1950595213911415,77.308,0.0
2015-09-01,1.0245061880173711,-2.2427257369948217,-1.3091772423890813,-0.15961473711648688,5.78,1.7,2.14,1.47,5.0,1.9432084434986452,2.240684515594804,3.2249679127877684,77.1039,0.0
2015-10-01,0.8256355759012513,-2.724135620151691,-1.4212741974271026,-0.1120969550380213,6.67,1.79,2.05,1.41,5.0,1.9900283983204314,1.4424874112188624,2.637802584529947,76.752,0.0
2015-11-01,0.562805872756944,-4.016687613057424,-1.4925554791129114,-0.07128128168580883,,,,,5.1,1.9401813120137001,1.2185313059131841,2.547380963882584,76.2118,0.0
2015-12-01,0.5462253383335947,-4.505134869338534,-1.5240128035315825,-0.031457324418671107,6.4,1.62,1.94,1.24,5.0,1.9328317802285389,2.1465922573274065,2.5868921164823977,75.845,0.0
2016-01-01,0.725642070933552,-3.2621120453574792,-1.5140121826829112,0.010000620848671371,,,,,4.8,1.8795173866029247,1.374353801538275,2.515078456030184,76.2263,0.0
2016-02-01,0.5050916496945002,-3.1461787449357126,-1.4644290069505184,0.04958317573239279,7.79,2.02,1.62,1.16,4.9,1.8320350500969251,2.8740033831251566,2.9558657833963276,75.8298,0.0
2016-03-01,0.21976233110858612,-3.559790110515204,-1.3781200961159201,0.08630891083459824,7.46,2.02,1.5,0.98,5.0,1.9436145980429087,0.9925612324301891,2.265013782883729,75.2411,0.0
2016-04-01,0.2766251728907321,-2.7147309719388835,-1.2746365861055597,0.10348351001036038,7.05,1.69,1.56,1.03,5.1,1.883197824300975,1.0672886627085099,2.3491427299042744,75.4701,0.0
2016-05-01,-0.024378352023401995,-2.4934626739772203,-1.1610699912206202,0.11356659488493959,,,,,4.8,1.6688097895971366,0.6560145492335634,2.2080918439350894,75.2833,0.0
2016-06-01,0.1137563987974266,-1.7194113407685507,-1.0380549829839048,0.1230150082367154,6.01,1.54,1.55,0.94,4.9,1.7197214008990214,1.7071939830365812,2.590796729416245,75.6283,0.0
2016-07-01,0.1541832346019678,-2.21991842855771,-0.8654098073317074,0.1726451756521974,6.12,1.61,1.18,0.87,4.8,1.7810988020367402,0.8994791638613941,2.398092892551551,75.6916,0.0
2016-08-01,0.008118201006657166,-2.154058057899355,-0.6407427116430497,0.22466709568865761,5.69,1.5,1.22,0.84,4.9,1.78504837291118,0.7692929292929307,2.255171382001153,75.5879,0.0
2016-09-01,-0.07301638812267086,-1.9653592757842842,-0.3780031394101213,0.26273957223292843,5.12,1.39,1.24,0.79,5.0,1.8921103496749359,1.4275764136731928,2.4686791740115677,75.4977,0.0
2016-10-01,-0.14593805740230614,-1.4303643405357502,-0.10680712491853983,0.2711960144915815,,,,,4.9,1.7442961445935268,1.7389937788567789,2.3513868463891585,75.5318,0.0
2016-11-01,-0.14599724227430944,-1.0984888863858955,0.16440644067772237,0.2712135655962622,5.05,1.39,1.48,1.0,4.7,1.663072096801299,1.379008368110357,2.353772473894944,75.2309,0.0
2016-12-01,-0.0729749452687889,0.09449493719371205,0.4209022527247752,0.25649581204705285,4.62,1.35,1.97,1.31,4.7,1.6291926724770533,1.7922823772343,2.7486245137861687,75.7622,0.0
2017-01-01,-0.1618908855431478,-0.6268158098776011,0.6270504715871317,0.20614821886235646,,,,,4.7,1.6884295789400205,3.0883625351503463,2.637767898302168,75.5995,0.0
2017-02-01,0.10537407797681642,-0.4929076293528678,0.7633904760142807,0.136340004427149,3.95,1.28,1.97,1.26,4.6,1.7021484306902757,1.9126429393963695,2.013349891338101,75.3306,0.0
2017-03-01,0.38983188499959187,0.9022701920774923,0.8195772184488304,0.056186742434549686,3.57,1.19,1.83,1.17,4.4,1.6058526263034167,2.437079384237384,2.848217137604103,75.8344,0.0
2017-04-01,0.34077079107504016,1.588281587164575,0.8306879694214953,0.011110750972664896,,,,,4.4,1.612039901289486,2.5009817792529976,2.6099050519805322,76.6403,0.0
2017-05-01,0.6014793139884622,1.9063680284647333,0.8328458958153595,0.0021579263938642512,3.78,1.23,1.5,1.05,4.4,1.7234190410006844,1.9821040631520015,2.507912374332877,76.764,0.0
2017-06-01,0.5600194789384005,1.6261274264039338,0.8482559439660475,0.015410048150688027,3.69,1.19,1.23,0.93,4.3,1.6906469829200965,1.6406562625050025,2.379407812427603,76.9926,0.0
2017-07-01,0.3889158969372808,1.255802001513473,0.8641726132698091,0.015916669303761566,,,,,4.3,1.5582618322723452,1.6484015096112303,2.450625183083832,76.878,0.0
2017-08-01,0.9416348729604618,0.9009273596934264,0.8939664007910908,0.0297937875212817,3.6,1.08,1.18,0.92,4.4,1.560188577511723,1.6129118485135319,2.353285435966157,76.6139,0.0
2017-09-01,1.0229763741170794,1.107899026103043,0.9148779832491849,0.020911582458094102,3.82,1.15,1.14,0.81,4.3,1.4072168148613118,2.762266240091993,2.6380664930995446,76.7906,0.0
2017-10-01,1.144852224748294,2.2948896769468874,0.9195713872150568,0.004693403965871923,,,,,4.2,1.4365874843174753,2.8267666625830357,2.782195790978026,77.8346,0.0
2017-11-01,1.3077735358622444,2.953907852310711,0.9064264414965217,-0.013144945718535084,3.48,1.01,1.19,0.76,4.2,1.5084410709242713,3.70802873002416,3.1717906234658866,78.1204,0.0
2017-12-01,1.4362220058422581,2.4701990900701354,0.8920423919719589,-0.014384049524562847,3.63,1.03,1.1,0.59,4.1,1.4545279489436513,3.0909100514007193,3.251704307422787,78.3837,0.0
2018-01-01,1.5647802821469048,2.7013898587068264,0.9065911081821199,0.014548716210160961,,,,,4.0,1.3953360617463773,1.477723979835388,3.083059917937314,78.4548,0.0
2018-02-01,1.6275303643724648,3.3486868571939388,0.9505627428812558,0.0439716346991359,3.29,0.9,1.3,0.62,4.1,1.512533596621135,1.9455948201559936,3.073025244609462,78.7047,0.0
2018-03-01,1.7393414772267635,3.1752906636297817,0.9905027190059368,0.03993997612468103,3.59,1.04,1.18,0.59,4.0,1.5832128739663887,2.029308730551138,2.9147761273169204,79.1096,0.0
2018-04-01,1.8436160750384012,3.3121221571825954,1.0036577980303774,0.013155079024440575,,,,,4.0,1.537893195780371,1.548263845152631,2.972868598602174,80.0436,0.0
2018-05-01,1.9875575664539014,2.2501198465963546,0.9792280129085285,-0.0244297851218489,3.47,1.15,1.12,0.47,3.8,1.6122421095778217,3.434220933298171,3.2237315070566375,79.3092,0.0
2018-06-01,2.1468926553672274,2.878898113357975,0.9130639358232884,-0.06616407708524008,3.55,1.21,0.97,0.42,4.0,1.620924663842338,2.5175853018372774,2.9947121078398142,79.9674,0.0
2018-07-01,2.3083131557707803,3.2667742402821442,0.8021086012858003,-0.11095533453748807,,,,,3.8,1.531627285858339,3.089470173982911,2.954078599860055,80.0561,0.0
2018-08-01,2.0345798150382066,4.442535201937514,0.6236889263948386,-0.17841967489096167,3.43,1.16,0.97,0.33,3.8,1.6063272959930375,3.1588362182353835,3.158361985299085,80.5741,0.0
2018-09-01,2.145784778590376,4.366595086427627,0.3713702904695415,-0.25231863592529713,,,,,3.7,1.5992435734352828,0.9635208918266525,2.4146239262518465,80.5711,0.0
2018-10-01,2.1995665087902294,2.91159558487879,0.053540308367416856,-0.31782998210212465,3.22,1.13,0.86,0.27,3.8,1.6146788990825778,1.7306576602710289,2.6171787396277235,80.3884,0.0
2018-11-01,2.1568313021167462,2.729204053756429,-0.29439753232077814,-0.347937840688195,3.81,1.26,0.82,0.3,3.8,1.5226669742761656,1.5419578082501717,2.602172442250361,80.3962,0.0
2018-12-01,2.079833613310944,2.5205173859534913,-0.6453679772525978,-0.3509704449318196,,,,,3.9,1.5495888776665412,-0.8424375345891355,0.9361582837835725,80.358,0.0
2019-01-01,2.0994651552646237,1.847165892169489,-0.9774611114167997,-0.33209313416420194,,,,,4.0,1.6246783150480892,0.38201480501220964,1.3322206878217058,79.7599,0.0
2019-02-01,1.8404907975460016,1.0745891898214843,-1.2625653840487638,-0.28510427263196414,4.29,1.36,0.3,0.18,3.8,1.3582881921461176,0.07475074492984124,1.3375358927609327,79.2768,0.0
2019-03-01,1.6857506361323216,0.628019370943389,-1.470432702856339,-0.20786731880757525,3.86,1.28,0.32,0.21,3.8,1.358915565147023,1.2300744437341526,1.7539469326169232,79.2123,0.0
2019-04-01,1.5085351329892749,-1.045231439957961,-1.616614680759465,-0.14618197790312593,3.94,1.25,0.06,0.16,3.7,1.4627211599358647,1.1142925069514087,1.6707479391412372,78.7037,0.0
2019-05-01,1.2279172938287175,0.035748820581926744,-1.7137246941358653,-0.09711001337640024,3.71,1.17,0.09,0.21,3.6,1.26462283178701,0.7876103036760229,1.7345405227081168,78.7358,0.0
2019-06-01,1.0350821744627092,-0.6617544485088889,-1.7697549148909864,-0.056030220755121096,,,,,3.6,1.2620922535731216,1.3702277568409027,1.9804155650116728,78.7532,0.0
2019-07-01,0.8993373303881391,-1.306550847023058,-1.7799960445745278,-0.010241129683541406,3.99,1.21,-0.18,0.25,3.7,1.2857334585961722,1.3825495150378897,2.2451709092503602,78.2629,0.0
2019-08-01,0.7960277427490503,-1.2272904183704303,-1.7357995258282521,0.044196518746275615,4.1,1.17,-0.17,0.17,3.6,1.2674254248755679,2.099717453614458,2.4220544798162047,78.7796,0.0
2019-09-01,0.6058221872541347,-1.5789049006856737,-1.5962873616648054,0.1395121641634467,,,,,3.5,1.3437512553730047,1.8999291951852681,2.769761308093033,78.4615,0.0
2019-10-01,0.015709685020826036,-2.2533501010779333,-1.361416454025688,0.23487090763911755,4.08,1.22,-0.17,0.09,3.6,1.293420542246837,1.1136061592044388,2.477580843732463,77.7295,0.0
2019-11-01,0.28255238992229703,-1.791321436056792,-1.0706095809728366,0.29080687305285124,4.09,1.16,0.21,0.17,3.6,1.370833528275539,0.9671277823911861,2.481830105142646,78.1046,0.0
2019-12-01,-0.007836376459524619,-2.0212388666068892,-0.7787030466638312,0.2919065343090055,,,,,3.6,1.3256880427744644,3.0784893335538355,3.533031727121916,77.9031,0.0
2020-01-01,-0.3518373729476165,-1.9568536316827312,-0.5466980164956836,0.23200503016814755,,,,,3.6,1.3141497677580105,2.3703955465607995,3.6125261447196744,77.4105,0.0
2020-02-01,-0.30511657017681104,-1.1216133025885755,-0.4221640104183355,0.1245340060773481,,,,,3.5,1.484023589777772,2.3974490400416215,3.3696325162982044,77.6537,0.0
2020-03-01,-0.8132624335314365,-5.085859926621106,-1.7101313758684955,-1.28796736545016,,,,,4.4,0.39921487740777195,-7.583597306959733,-4.162808865227707,74.5527,1.0
2020-04-01,-10.973797418850218,-17.202282478186216,-6.48992476980329,-4.779793393934794,9.11,3.05,0.53,0.39,14.8,-13.39305279793882,-19.939481297471918,-14.748406975314454,64.6982,1.0
2020-05-01,-9.140710596337453,-16.019512271328352,-4.84150278266684,1.6484219871364498,7.7,2.18,0.52,0.44,13.2,-11.672343165959598,-5.396342080239547,-8.084542159384878,65.7487,0.0
2020-06-01,-6.545710487213574,-10.598532315869036,-2.878373245406285,1.963129537260555,6.43,1.85,0.52,0.52,11.0,-8.729837774050475,1.80126482532883,-3.2361157992258027,70.134,0.0
2020-07-01,-6.387802971071155,-6.8643222878721595,-1.161439713941026,1.716933531465259,6.33,1.58,0.55,0.52,10.2,-7.739041713043937,2.3605904993518223,-2.200158685909115,72.7591,0.0
2020-08-01,-6.177183517084995,-6.666575859056212,-0.40561986350498014,0.7558198504360458,,,,,8.4,-6.847874261597797,2.235864749164551,-1.849240935372698,73.5674,0.0
2020-09-01,-5.708923125048882,-6.410983397439585,-0.10693596730948496,0.2986838961954952,4.97,1.35,0.56,0.55,7.8,-6.338981931093713,4.828680043302036,-0.6625812230737549,73.6543,0.0
2020-10-01,-5.081284850388757,-4.983078676770248,0.21047209756486218,0.31740806487434714,5.36,1.43,0.59,0.54,6.9,-5.9415027069853465,4.291052292321318,-0.3824499545041049,74.2728,0.0
2020-11-01,-5.157705251624012,-5.087156654860426,0.5313412442994325,0.32086914673457034,,,,,6.7,-5.892475670543551,2.6293617917573453,-1.1659643069264924,74.7456,0.0
2020-12-01,-4.757053291536051,-3.666983513190325,0.8723427691240015,0.341001524824569,4.21,1.09,0.83,0.75,6.7,-6.091768503573903,3.0361825118694785,-0.9374757336383044,75.8651,0.0
2021-01-01,-4.707728520988619,-2.490398392692905,1.2059920789316836,0.33364930980768204,,,,,6.4,-5.99746104412916,7.11152472458374,0.028134539367252742,76.5008,0.0
2021-02-01,-4.425959350231501,-6.063234839945797,1.6050426047564237,0.3990505258247401,3.83,1.03,1.02,0.98,6.2,-5.824337456990514,4.001972059141656,-0.7913410517859876,74.0987,0.0
2021-03-01,-3.5635446231472745,0.6012950023564168,3.3885724763626834,1.7835298716062598,3.54,0.96,1.4,1.32,6.1,-4.406375294078668,25.586470267321324,10.83981795264657,76.3455,0.0
2021-04-01,7.1077139342822,16.11987076234158,9.084958369042951,5.696385892680268,3.33,0.95,1.67,1.52,6.1,10.87759921486844,45.81694672863783,25.492924288186792,76.6187,0.0
2021-05-01,5.245478036175721,15.318890185883639,7.3851854088113456,-1.6997729602316056,,,,,5.8,9.013830426939261,20.569506894284075,15.630487957852468,77.4469,0.0
2021-06-01,2.5020920502092148,8.697947629929814,5.324449574595302,-2.060735834216043,3.33,0.91,1.6,1.46,5.9,5.924995097006636,12.164455338447343,10.48947934835045,77.9619,0.0
2021-07-01,2.7562014532698464,5.3293713823777455,3.5371078149922797,-1.7873417596030228,3.02,0.87,1.43,1.23,5.4,5.388675451509828,8.624261226413243,8.547664466711979,78.4327,0.0
2021-08-01,2.916909742478535,4.2862771996906135,2.7450498604788764,-0.7920579545134032,,,,,5.1,4.5640147991393265,8.47327610215618,8.41271338300482,78.5435,0.0
2021-09-01,2.7701750020734828,3.237099468774063,2.3884449294493404,-0.35660493102953605,3.19,0.92,1.26,1.11,4.7,4.191295760739222,6.897379860227182,7.191726901882189,77.8344,0.0
2021-10-01,3.0448452755253985,3.966408911211139,1.9805393393135695,-0.4079055901357709,3.2,0.89,1.44,1.21,4.5,4.287489207572603,8.013636122203604,7.605577518660711,78.9984,0.0
2021-11-01,3.1358309952137287,4.451130394242986,1.5480980743095563,-0.43244126500401325,3.16,0.9,1.53,1.08,4.2,4.536505734563612,9.512081897920787,8.125684115639697,79.7955,0.0
2021-12-01,3.1185715461202967,3.0456020585740484,1.0805949992105157,-0.46750307509904054,3.58,1.03,1.37,0.87,3.9,5.074080309790396,7.422257039563629,7.375524659906363,79.7947,0.0
2022-01-01,3.4170440510498112,2.4299311328917605,0.6218635241791226,-0.4587314750313931,,,,,4.0,4.963159404672779,4.970248019274215,6.128791820777146,79.8471,0.0
2022-02-01,3.5224566877412045,6.636777122562476,0.12326987942798961,-0.498593644751133,3.51,1.08,1.62,0.63,3.8,5.196552830109735,8.482963450264114,7.266954569991757,80.357,0.0
2022-03-01,3.6298234139960694,4.562753518838947,-0.3879424208353077,-0.5112123002632973,3.89,1.33,1.4,0.41,3.7,4.922146887955292,-0.6265961087855043,3.3345817302781633,80.9989,0.0
2022-04-01,4.38028053482078,4.64824669969095,-0.9069264593951409,-0.5189840385598332,3.4,1.2,1.86,-0.05,3.7,4.868232707055475,0.16462635072418408,2.9915627788744903,81.1458,0.0
2022-05-01,4.2556674032244945,3.810188261127756,-1.2831373238106902,-0.3762108644155493,,,,,3.6,4.729990622759117,0.4465394302742176,3.110740462000572,81.1363,0.0
2022-06-01,4.237080578006358,3.185302709629756,-1.599797920175161,-0.31666059636447086,4.13,1.37,1.79,0.28,3.6,4.474449351290555,-0.13625063038035234,2.2234462745519545,80.9375,0.0
2022-07-01,4.039665122327896,2.9817082189097732,-1.825235824284721,-0.22543790410956,5.92,1.65,1.15,0.04,3.5,4.28593817074252,1.056104119122403,2.4165746451560777,81.0054,0.0
2022-08-01,3.862660944205998,3.1278113417271936,-1.9730553989672828,-0.14781957468256168,4.8,1.52,0.04,-0.3,3.6,4.101979001127365,1.2634622920692395,2.368253755813554,80.9637,0.0
2022-09-01,3.6881607618432843,4.5831376173664395,-2.0898124580019273,-0.1167570590346445,5.08,1.5,0.29,-0.25,3.5,3.9272367850953227,0.32666082541394914,2.316079023094031,81.0936,0.0
2022-10-01,3.4446764091857984,3.0790938495847575,-2.191602476209842,-0.10179001820791456,,,,,3.6,3.5969818737421777,0.31695225152328366,1.7978407342564395,80.8551,0.0
2022-11-01,3.1845095215234487,1.8143863238680558,-2.272575786982922,-0.08097331077308034,4.61,1.64,-0.16,-0.47,3.6,3.3537525300591176,-1.490779122845376,1.2690472882219472,80.4107,0.0
2022-12-01,2.848707309288212,0.6243403811263093,-2.301369150157495,-0.028793363174572928,4.48,1.41,-0.8,-0.72,3.5,3.0411066824230115,-1.2003388126157866,1.647873957220325,79.2286,0.0
2023-01-01,2.683121019108281,1.5146036243782968,-2.2615058728556625,0.03986327730183259,,,,,3.5,3.182539365092052,1.2961388752181113,2.860928907440541,79.7542,0.0
2023-02-01,2.315989847715727,0.9372011413332659,-2.1645011707118633,0.09700470214379919,4.31,1.25,-1.27,-0.7,3.6,2.791052195526089,-0.5863494285879955,2.7777961713426835,79.6087,0.0
2023-03-01,1.688229725465451,0.13742631962383456,-1.9921687583151937,0.17233241239666963,4.17,1.29,-0.89,-0.88,3.5,2.527321501724522,-2.6436172561487226,2.037534925404594,79.4362,0.0
2023-04-01,1.2888015717092305,0.3126263333022461,-1.7244196726851624,0.2677490856300313,,,,,3.4,2.4635511800120025,-3.2272306051439825,1.9863332917599452,79.5726,0.0
2023-05-01,1.0597378130151602,0.01456792977092558,-1.3641102881087885,0.36030938457637385,4.45,1.4,-1.68,-0.55,3.6,2.450425302188397,-1.916395534149451,2.225188555797386,79.2151,0.0
2023-06-01,0.853696741854626,-0.4293811465206021,-0.9609759756263547,0.4031343124824338,4.65,1.42,-1.89,-0.72,3.6,2.309111077563286,-1.365694187272426,2.2664248445898982,78.5968,0.0
2023-07-01,0.49218749999999645,0.021057636789723055,-0.5964782349342723,0.3644977406920824,,,,,3.5,1.9405549856581938,-0.40559515611164887,2.768482298412289,78.986,0.0
2023-08-01,0.2338998908467227,-0.0728891938862164,-0.310170233525886,0.2863080014083863,3.82,1.19,-1.49,-0.87,3.7,1.8853646125543078,-0.5066410454864889,2.204949860760652,78.8773,0.0
2023-09-01,0.16344956413449907,-0.2168399132254084,-0.08862728026545197,0.22154295326043405,3.81,1.22,-1.35,-0.69,3.8,1.8376293864363236,0.45055132075133564,2.276701816663196,78.9282,0.0
2023-10-01,-0.36482185826283153,-0.8372629881617244,0.09159623916947801,0.18022351943492998,,,,,3.9,1.6938140378005784,-0.6127396369016269,2.317870009055212,78.2711,0.0
2023-11-01,-0.2946650124069472,-0.21240318197425223,0.2664999660258127,0.1749037268563347,4.47,1.33,-0.8,-0.18,3.7,1.5893910900719899,0.7591611179055047,3.060991146973313,78.4172,0.0
2023-12-01,-0.18620529133369645,0.7898721944953557,0.44543877867690984,0.17893881265109712,3.87,1.11,-1.21,-0.34,3.8,1.680748496786233,1.9099490649685302,3.576605163160562,78.1414,0.0
2024-01-01,-0.24036597658370074,-1.230783006123748,0.6262124887668641,0.18077371008995424,,,,,3.7,1.4659516733428024,-2.985331725609186,1.8538081005874618,77.1945,0.0
2024-02-01,-0.3643410852713136,-0.07159512180411332,0.8065621820365854,0.18034969326972128,3.56,1.04,-1.55,-0.33,3.9,1.4088957094773313,-1.1760273419629153,2.1093458064349813,78.0707,0.0
2024-03-01,-0.4034134988363025,-0.28760590696040866,0.9500124552172418,0.1434502731806564,3.32,1.01,-1.23,-0.35,3.9,1.5118804415773512,-0.07302150279160369,2.7434062669525527,77.8455,0.0
2024-04-01,-0.32585925983397157,-0.8402107647342061,1.008461300825303,0.058448845608061184,3.12,0.93,-1.11,-0.39,3.9,1.4467104712749368,-0.7764613418010824,2.391756293163927,77.6572,0.0
2024-05-01,-0.19418983998756856,-0.0011652646267568123,0.9826803242375393,-0.025780976587763682,3.21,0.91,-0.83,-0.33,4.0,1.4227511663474912,-0.4244344624580343,2.829005345392077,78.0627,0.0
2024-06-01,-0.2950997903238384,0.8522097383398597,0.9028238785246279,-0.0798564457129114,,,,,4.1,1.3113407882158867,-0.6853406268666151,2.8594010036818718,78.1993,0.0
2024-07-01,-0.1788074321697919,-0.536517121008373,0.8405296661866402,-0.06229421233798771,3.21,0.94,-0.99,-0.29,4.2,1.2716399925650101,0.06824865859955676,2.8499961616213376,77.5681,0.0
2024-08-01,-0.43559427504666903,-0.07323335444653356,0.841788791366338,0.0012591251796978398,3.35,1.0,-1.38,-0.17,4.2,1.2152955639791019,-0.7792556164077369,2.90315771968761,77.8658,0.0
2024-09-01,-0.5361721967518829,-0.6898781412106092,0.9090382157965538,0.06724942443021575,,,,,4.1,1.266519119321452,-0.43827578827222435,3.188143195288906,77.4591,0.0
2024-10-01,-0.6699906512932396,-0.3551440317182686,1.0106733448911331,0.10163512909457939,3.07,0.92,-0.97,0.13,4.1,1.1742908254536166,0.5429835849471099,3.1108932198317785,77.0806,0.0
2024-11-01,-0.6843988178565907,-0.9102236632881899,1.0921204335170964,0.08144708862596328,2.83,0.86,-0.24,0.16,4.2,1.2498324407478556,1.1674743533262033,3.1266641308482335,76.7875,0.0
2024-12-01,-0.8161678973960362,0.40319241086261837,1.1028725408533058,0.010752107336209349,,,,,4.1,1.2821002994965802,1.653268072356906,3.1120776601109457,77.5136,0.0
2025-01-01,-0.8627390020208292,1.3770779342352935,1.0237019778986722,-0.07917056295463354,,,,,4.0,1.2760348680984857,1.5115093240093191,2.8660688311852534,77.2923,0.0
2025-02-01,-0.7002256282579888,1.113439835992014,0.8787024450495284,-0.1449995328491438,,,,,4.1,1.1979322316256757,1.0207323493636844,2.528898086921405,77.9359,0.0
2025-03-01,-0.5764137716155138,0.9970873578062811,0.7184510714361325,-0.16025137361339592,,,,,4.2,1.1160700114908328,2.6116320657946,2.8342091368516398,77.588,0.0
2025-04-01,-0.6460652292363922,1.236459131195966,0.61048854568726,-0.10796252574887255,3.5,0.98,-0.15,0.3,4.2,1.1406096361848528,2.577957845859702,2.9010013640678123,77.5487,0.0
2025-05-01,-0.7471398552416519,0.6577024403838783,0.5967074811921158,-0.013781064495144157,3.78,1.09,-0.06,0.55,4.2,1.0289682439110992,0.9682012339819579,2.225085856911413,77.4743,0.0
2025-06-01,-0.802243165355554,0.9279113327018695,0.641748314919055,0.04504083372693923,,,,,4.1,0.9650761485609394,1.6989468067306612,2.1677067911067827,77.7883,0.0
2025-07-01,-0.825545171339559,1.2682502399550488,0.6740440752009302,0.0322957602818752,2.91,0.84,-0.14,0.48,4.2,0.9588425536223966,1.3214159117321156,2.060695025844228,77.3974,0.0
2025-08-01,-0.6093750000000009,0.8742996478340093,0.657390830375415,-0.016653244825515223,3.13,0.82,-0.12,0.54,4.3,0.9274137429305274,2.001063388785762,1.9877428738361402,77.376,0.0
2025-09-01,-0.6093750000000009,1.291383434345006,0.5345839883493575,-0.12280684202605752,2.84,0.81,,,,0.7744103490531451,1.3739056447459763,1.4530030791299442,,
